{
  "best_metric": null,
  "best_model_checkpoint": null,
  "epoch": 15.0,
  "global_step": 3450,
  "is_hyper_param_search": false,
  "is_local_process_zero": true,
  "is_world_process_zero": true,
  "log_history": [
    {
      "epoch": 1.0,
      "eval_accuracy": 0.7132352941176471,
      "eval_combined_score": 0.7670311233222232,
      "eval_f1": 0.8208269525267994,
      "eval_loss": 0.5532791018486023,
      "eval_runtime": 1.4875,
      "eval_samples_per_second": 274.283,
      "eval_steps_per_second": 17.479,
      "step": 230
    },
    {
      "epoch": 2.0,
      "eval_accuracy": 0.7279411764705882,
      "eval_combined_score": 0.780006896858592,
      "eval_f1": 0.832072617246596,
      "eval_loss": 0.5703239440917969,
      "eval_runtime": 1.5145,
      "eval_samples_per_second": 269.401,
      "eval_steps_per_second": 17.168,
      "step": 460
    },
    {
      "epoch": 2.17,
      "learning_rate": 2e-05,
      "loss": 0.5513,
      "step": 500
    },
    {
      "epoch": 3.0,
      "eval_accuracy": 0.7279411764705882,
      "eval_combined_score": 0.7776564358247187,
      "eval_f1": 0.827371695178849,
      "eval_loss": 0.5462689399719238,
      "eval_runtime": 1.5539,
      "eval_samples_per_second": 262.571,
      "eval_steps_per_second": 16.732,
      "step": 690
    },
    {
      "epoch": 4.0,
      "eval_accuracy": 0.7352941176470589,
      "eval_combined_score": 0.7855801895226175,
      "eval_f1": 0.8358662613981763,
      "eval_loss": 0.5751861929893494,
      "eval_runtime": 1.5594,
      "eval_samples_per_second": 261.644,
      "eval_steps_per_second": 16.673,
      "step": 920
    },
    {
      "epoch": 4.35,
      "learning_rate": 2e-05,
      "loss": 0.5039,
      "step": 1000
    },
    {
      "epoch": 5.0,
      "eval_accuracy": 0.7328431372549019,
      "eval_combined_score": 0.7819254445964432,
      "eval_f1": 0.8310077519379845,
      "eval_loss": 0.5778225660324097,
      "eval_runtime": 1.5616,
      "eval_samples_per_second": 261.274,
      "eval_steps_per_second": 16.65,
      "step": 1150
    },
    {
      "epoch": 6.0,
      "eval_accuracy": 0.7401960784313726,
      "eval_combined_score": 0.786764705882353,
      "eval_f1": 0.8333333333333334,
      "eval_loss": 0.5522210597991943,
      "eval_runtime": 1.5647,
      "eval_samples_per_second": 260.756,
      "eval_steps_per_second": 16.617,
      "step": 1380
    },
    {
      "epoch": 6.52,
      "learning_rate": 2e-05,
      "loss": 0.4697,
      "step": 1500
    },
    {
      "epoch": 7.0,
      "eval_accuracy": 0.75,
      "eval_combined_score": 0.7955607476635513,
      "eval_f1": 0.8411214953271028,
      "eval_loss": 0.5698425769805908,
      "eval_runtime": 1.5643,
      "eval_samples_per_second": 260.824,
      "eval_steps_per_second": 16.621,
      "step": 1610
    },
    {
      "epoch": 8.0,
      "eval_accuracy": 0.7426470588235294,
      "eval_combined_score": 0.7886463640574339,
      "eval_f1": 0.8346456692913385,
      "eval_loss": 0.5889769792556763,
      "eval_runtime": 1.5804,
      "eval_samples_per_second": 258.161,
      "eval_steps_per_second": 16.451,
      "step": 1840
    },
    {
      "epoch": 8.7,
      "learning_rate": 2e-05,
      "loss": 0.4555,
      "step": 2000
    },
    {
      "epoch": 9.0,
      "eval_accuracy": 0.7475490196078431,
      "eval_combined_score": 0.7908437529601212,
      "eval_f1": 0.8341384863123993,
      "eval_loss": 0.5570786595344543,
      "eval_runtime": 1.6876,
      "eval_samples_per_second": 241.77,
      "eval_steps_per_second": 15.407,
      "step": 2070
    },
    {
      "epoch": 10.0,
      "eval_accuracy": 0.7352941176470589,
      "eval_combined_score": 0.7794117647058825,
      "eval_f1": 0.823529411764706,
      "eval_loss": 0.5589750409126282,
      "eval_runtime": 1.607,
      "eval_samples_per_second": 253.888,
      "eval_steps_per_second": 16.179,
      "step": 2300
    },
    {
      "epoch": 10.87,
      "learning_rate": 2e-05,
      "loss": 0.4272,
      "step": 2500
    },
    {
      "epoch": 11.0,
      "eval_accuracy": 0.7549019607843137,
      "eval_combined_score": 0.7978331459972524,
      "eval_f1": 0.8407643312101911,
      "eval_loss": 0.5749095678329468,
      "eval_runtime": 1.6041,
      "eval_samples_per_second": 254.348,
      "eval_steps_per_second": 16.208,
      "step": 2530
    },
    {
      "epoch": 12.0,
      "eval_accuracy": 0.7549019607843137,
      "eval_combined_score": 0.8002904865649965,
      "eval_f1": 0.8456790123456792,
      "eval_loss": 0.6128864884376526,
      "eval_runtime": 1.6208,
      "eval_samples_per_second": 251.726,
      "eval_steps_per_second": 16.041,
      "step": 2760
    },
    {
      "epoch": 13.0,
      "eval_accuracy": 0.75,
      "eval_combined_score": 0.792741935483871,
      "eval_f1": 0.835483870967742,
      "eval_loss": 0.5878505110740662,
      "eval_runtime": 1.6201,
      "eval_samples_per_second": 251.833,
      "eval_steps_per_second": 16.048,
      "step": 2990
    },
    {
      "epoch": 13.04,
      "learning_rate": 2e-05,
      "loss": 0.4134,
      "step": 3000
    },
    {
      "epoch": 14.0,
      "eval_accuracy": 0.7328431372549019,
      "eval_combined_score": 0.7742049865631532,
      "eval_f1": 0.8155668358714044,
      "eval_loss": 0.5684258937835693,
      "eval_runtime": 1.614,
      "eval_samples_per_second": 252.782,
      "eval_steps_per_second": 16.109,
      "step": 3220
    },
    {
      "epoch": 15.0,
      "eval_accuracy": 0.75,
      "eval_combined_score": 0.7932692307692307,
      "eval_f1": 0.8365384615384615,
      "eval_loss": 0.582582950592041,
      "eval_runtime": 1.6139,
      "eval_samples_per_second": 252.81,
      "eval_steps_per_second": 16.11,
      "step": 3450
    },
    {
      "epoch": 15.0,
      "step": 3450,
      "total_flos": 1971567869322240.0,
      "train_loss": 0.45949014857195425,
      "train_runtime": 440.7717,
      "train_samples_per_second": 124.827,
      "train_steps_per_second": 7.827
    }
  ],
  "max_steps": 3450,
  "num_train_epochs": 15,
  "total_flos": 1971567869322240.0,
  "trial_name": null,
  "trial_params": null
}
