{
  "best_metric": null,
  "best_model_checkpoint": null,
  "epoch": 15.0,
  "global_step": 3450,
  "is_hyper_param_search": false,
  "is_local_process_zero": true,
  "is_world_process_zero": true,
  "log_history": [
    {
      "epoch": 1.0,
      "eval_accuracy": 0.7009803921568627,
      "eval_combined_score": 0.7577850289051791,
      "eval_f1": 0.8145896656534954,
      "eval_loss": 0.5842607021331787,
      "eval_runtime": 1.4711,
      "eval_samples_per_second": 277.34,
      "eval_steps_per_second": 17.674,
      "step": 230
    },
    {
      "epoch": 2.0,
      "eval_accuracy": 0.696078431372549,
      "eval_combined_score": 0.7549461225931814,
      "eval_f1": 0.8138138138138138,
      "eval_loss": 0.6026315689086914,
      "eval_runtime": 1.5635,
      "eval_samples_per_second": 260.951,
      "eval_steps_per_second": 16.629,
      "step": 460
    },
    {
      "epoch": 2.17,
      "learning_rate": 2e-05,
      "loss": 0.587,
      "step": 500
    },
    {
      "epoch": 3.0,
      "eval_accuracy": 0.7083333333333334,
      "eval_combined_score": 0.7610524256651017,
      "eval_f1": 0.8137715179968701,
      "eval_loss": 0.5835816860198975,
      "eval_runtime": 1.4842,
      "eval_samples_per_second": 274.894,
      "eval_steps_per_second": 17.518,
      "step": 690
    },
    {
      "epoch": 4.0,
      "eval_accuracy": 0.7034313725490197,
      "eval_combined_score": 0.7582071855017123,
      "eval_f1": 0.8129829984544049,
      "eval_loss": 0.5893357992172241,
      "eval_runtime": 1.4557,
      "eval_samples_per_second": 280.271,
      "eval_steps_per_second": 17.86,
      "step": 920
    },
    {
      "epoch": 4.35,
      "learning_rate": 2e-05,
      "loss": 0.5528,
      "step": 1000
    },
    {
      "epoch": 5.0,
      "eval_accuracy": 0.7181372549019608,
      "eval_combined_score": 0.7699213406292749,
      "eval_f1": 0.821705426356589,
      "eval_loss": 0.5995440483093262,
      "eval_runtime": 1.4373,
      "eval_samples_per_second": 283.867,
      "eval_steps_per_second": 18.09,
      "step": 1150
    },
    {
      "epoch": 6.0,
      "eval_accuracy": 0.7156862745098039,
      "eval_combined_score": 0.764894419306184,
      "eval_f1": 0.8141025641025641,
      "eval_loss": 0.5825762748718262,
      "eval_runtime": 1.4595,
      "eval_samples_per_second": 279.54,
      "eval_steps_per_second": 17.814,
      "step": 1380
    },
    {
      "epoch": 6.52,
      "learning_rate": 2e-05,
      "loss": 0.5292,
      "step": 1500
    },
    {
      "epoch": 7.0,
      "eval_accuracy": 0.7156862745098039,
      "eval_combined_score": 0.7651913800664036,
      "eval_f1": 0.8146964856230032,
      "eval_loss": 0.5982362627983093,
      "eval_runtime": 1.4717,
      "eval_samples_per_second": 277.234,
      "eval_steps_per_second": 17.667,
      "step": 1610
    },
    {
      "epoch": 8.0,
      "eval_accuracy": 0.7230392156862745,
      "eval_combined_score": 0.7708293991754005,
      "eval_f1": 0.8186195826645265,
      "eval_loss": 0.6139892935752869,
      "eval_runtime": 1.4769,
      "eval_samples_per_second": 276.247,
      "eval_steps_per_second": 17.604,
      "step": 1840
    },
    {
      "epoch": 8.7,
      "learning_rate": 2e-05,
      "loss": 0.514,
      "step": 2000
    },
    {
      "epoch": 9.0,
      "eval_accuracy": 0.7205882352941176,
      "eval_combined_score": 0.7695297864368678,
      "eval_f1": 0.8184713375796178,
      "eval_loss": 0.6120792627334595,
      "eval_runtime": 1.4789,
      "eval_samples_per_second": 275.887,
      "eval_steps_per_second": 17.581,
      "step": 2070
    },
    {
      "epoch": 10.0,
      "eval_accuracy": 0.6838235294117647,
      "eval_combined_score": 0.731277116335385,
      "eval_f1": 0.7787307032590052,
      "eval_loss": 0.6126522421836853,
      "eval_runtime": 1.4914,
      "eval_samples_per_second": 273.574,
      "eval_steps_per_second": 17.434,
      "step": 2300
    },
    {
      "epoch": 10.87,
      "learning_rate": 2e-05,
      "loss": 0.4891,
      "step": 2500
    },
    {
      "epoch": 11.0,
      "eval_accuracy": 0.6887254901960784,
      "eval_combined_score": 0.7390559457613892,
      "eval_f1": 0.7893864013266999,
      "eval_loss": 0.6108189225196838,
      "eval_runtime": 1.4592,
      "eval_samples_per_second": 279.602,
      "eval_steps_per_second": 17.818,
      "step": 2530
    },
    {
      "epoch": 12.0,
      "eval_accuracy": 0.6838235294117647,
      "eval_combined_score": 0.7360004346566213,
      "eval_f1": 0.7881773399014779,
      "eval_loss": 0.6172291040420532,
      "eval_runtime": 1.4656,
      "eval_samples_per_second": 278.391,
      "eval_steps_per_second": 17.741,
      "step": 2760
    },
    {
      "epoch": 13.0,
      "eval_accuracy": 0.7009803921568627,
      "eval_combined_score": 0.7471003655699567,
      "eval_f1": 0.7932203389830508,
      "eval_loss": 0.6123960614204407,
      "eval_runtime": 1.4582,
      "eval_samples_per_second": 279.793,
      "eval_steps_per_second": 17.83,
      "step": 2990
    },
    {
      "epoch": 13.04,
      "learning_rate": 2e-05,
      "loss": 0.4756,
      "step": 3000
    },
    {
      "epoch": 14.0,
      "eval_accuracy": 0.6715686274509803,
      "eval_combined_score": 0.7121680775631285,
      "eval_f1": 0.7527675276752768,
      "eval_loss": 0.6526765823364258,
      "eval_runtime": 1.4684,
      "eval_samples_per_second": 277.85,
      "eval_steps_per_second": 17.706,
      "step": 3220
    },
    {
      "epoch": 15.0,
      "eval_accuracy": 0.6862745098039216,
      "eval_combined_score": 0.7346626786307744,
      "eval_f1": 0.7830508474576272,
      "eval_loss": 0.6307187676429749,
      "eval_runtime": 1.4536,
      "eval_samples_per_second": 280.687,
      "eval_steps_per_second": 17.887,
      "step": 3450
    },
    {
      "epoch": 15.0,
      "step": 3450,
      "total_flos": 1971175401538560.0,
      "train_loss": 0.5156154997452446,
      "train_runtime": 252.1692,
      "train_samples_per_second": 218.187,
      "train_steps_per_second": 13.681
    }
  ],
  "max_steps": 3450,
  "num_train_epochs": 15,
  "total_flos": 1971175401538560.0,
  "trial_name": null,
  "trial_params": null
}
