{
  "best_metric": null,
  "best_model_checkpoint": null,
  "epoch": 15.0,
  "global_step": 8025,
  "is_hyper_param_search": false,
  "is_local_process_zero": true,
  "is_world_process_zero": true,
  "log_history": [
    {
      "epoch": 0.93,
      "learning_rate": 2e-05,
      "loss": 0.6017,
      "step": 500
    },
    {
      "epoch": 1.0,
      "eval_loss": 0.6161910891532898,
      "eval_matthews_correlation": 0.0,
      "eval_runtime": 4.0022,
      "eval_samples_per_second": 260.608,
      "eval_steps_per_second": 16.491,
      "step": 535
    },
    {
      "epoch": 1.87,
      "learning_rate": 2e-05,
      "loss": 0.579,
      "step": 1000
    },
    {
      "epoch": 2.0,
      "eval_loss": 0.5937701463699341,
      "eval_matthews_correlation": 0.018148342420931135,
      "eval_runtime": 3.9846,
      "eval_samples_per_second": 261.761,
      "eval_steps_per_second": 16.564,
      "step": 1070
    },
    {
      "epoch": 2.8,
      "learning_rate": 2e-05,
      "loss": 0.5735,
      "step": 1500
    },
    {
      "epoch": 3.0,
      "eval_loss": 0.6001354455947876,
      "eval_matthews_correlation": 0.08397945416660721,
      "eval_runtime": 3.9819,
      "eval_samples_per_second": 261.937,
      "eval_steps_per_second": 16.575,
      "step": 1605
    },
    {
      "epoch": 3.74,
      "learning_rate": 2e-05,
      "loss": 0.5586,
      "step": 2000
    },
    {
      "epoch": 4.0,
      "eval_loss": 0.580049455165863,
      "eval_matthews_correlation": 0.12845843450656336,
      "eval_runtime": 3.9873,
      "eval_samples_per_second": 261.582,
      "eval_steps_per_second": 16.553,
      "step": 2140
    },
    {
      "epoch": 4.67,
      "learning_rate": 2e-05,
      "loss": 0.5622,
      "step": 2500
    },
    {
      "epoch": 5.0,
      "eval_loss": 0.5752097368240356,
      "eval_matthews_correlation": 0.15190509861831653,
      "eval_runtime": 3.988,
      "eval_samples_per_second": 261.537,
      "eval_steps_per_second": 16.55,
      "step": 2675
    },
    {
      "epoch": 5.61,
      "learning_rate": 2e-05,
      "loss": 0.554,
      "step": 3000
    },
    {
      "epoch": 6.0,
      "eval_loss": 0.5909926891326904,
      "eval_matthews_correlation": 0.148693071919862,
      "eval_runtime": 3.9843,
      "eval_samples_per_second": 261.778,
      "eval_steps_per_second": 16.565,
      "step": 3210
    },
    {
      "epoch": 6.54,
      "learning_rate": 2e-05,
      "loss": 0.5485,
      "step": 3500
    },
    {
      "epoch": 7.0,
      "eval_loss": 0.5979664325714111,
      "eval_matthews_correlation": 0.166651669293941,
      "eval_runtime": 3.9856,
      "eval_samples_per_second": 261.69,
      "eval_steps_per_second": 16.559,
      "step": 3745
    },
    {
      "epoch": 7.48,
      "learning_rate": 2e-05,
      "loss": 0.5356,
      "step": 4000
    },
    {
      "epoch": 8.0,
      "eval_loss": 0.5961786508560181,
      "eval_matthews_correlation": 0.1773183672667882,
      "eval_runtime": 3.9832,
      "eval_samples_per_second": 261.848,
      "eval_steps_per_second": 16.569,
      "step": 4280
    },
    {
      "epoch": 8.41,
      "learning_rate": 2e-05,
      "loss": 0.5414,
      "step": 4500
    },
    {
      "epoch": 9.0,
      "eval_loss": 0.5716605186462402,
      "eval_matthews_correlation": 0.20033887710720832,
      "eval_runtime": 3.9885,
      "eval_samples_per_second": 261.502,
      "eval_steps_per_second": 16.548,
      "step": 4815
    },
    {
      "epoch": 9.35,
      "learning_rate": 2e-05,
      "loss": 0.5326,
      "step": 5000
    },
    {
      "epoch": 10.0,
      "eval_loss": 0.5861902832984924,
      "eval_matthews_correlation": 0.20447908125390313,
      "eval_runtime": 3.9857,
      "eval_samples_per_second": 261.688,
      "eval_steps_per_second": 16.559,
      "step": 5350
    },
    {
      "epoch": 10.28,
      "learning_rate": 2e-05,
      "loss": 0.524,
      "step": 5500
    },
    {
      "epoch": 11.0,
      "eval_loss": 0.5717803835868835,
      "eval_matthews_correlation": 0.23122488432210597,
      "eval_runtime": 4.2324,
      "eval_samples_per_second": 246.431,
      "eval_steps_per_second": 15.594,
      "step": 5885
    },
    {
      "epoch": 11.21,
      "learning_rate": 2e-05,
      "loss": 0.5384,
      "step": 6000
    },
    {
      "epoch": 12.0,
      "eval_loss": 0.5894179344177246,
      "eval_matthews_correlation": 0.2139258572077333,
      "eval_runtime": 3.9882,
      "eval_samples_per_second": 261.524,
      "eval_steps_per_second": 16.549,
      "step": 6420
    },
    {
      "epoch": 12.15,
      "learning_rate": 2e-05,
      "loss": 0.515,
      "step": 6500
    },
    {
      "epoch": 13.0,
      "eval_loss": 0.5655152201652527,
      "eval_matthews_correlation": 0.24242693535370374,
      "eval_runtime": 3.9955,
      "eval_samples_per_second": 261.043,
      "eval_steps_per_second": 16.519,
      "step": 6955
    },
    {
      "epoch": 13.08,
      "learning_rate": 2e-05,
      "loss": 0.5227,
      "step": 7000
    },
    {
      "epoch": 14.0,
      "eval_loss": 0.5937125086784363,
      "eval_matthews_correlation": 0.20455476991235036,
      "eval_runtime": 3.9971,
      "eval_samples_per_second": 260.942,
      "eval_steps_per_second": 16.512,
      "step": 7490
    },
    {
      "epoch": 14.02,
      "learning_rate": 2e-05,
      "loss": 0.5172,
      "step": 7500
    },
    {
      "epoch": 14.95,
      "learning_rate": 2e-05,
      "loss": 0.5124,
      "step": 8000
    },
    {
      "epoch": 15.0,
      "eval_loss": 0.5621357560157776,
      "eval_matthews_correlation": 0.2676743198156292,
      "eval_runtime": 3.9893,
      "eval_samples_per_second": 261.448,
      "eval_steps_per_second": 16.544,
      "step": 8025
    },
    {
      "epoch": 15.0,
      "step": 8025,
      "total_flos": 4596204157735680.0,
      "train_loss": 0.5447155303004375,
      "train_runtime": 1036.8434,
      "train_samples_per_second": 123.707,
      "train_steps_per_second": 7.74
    }
  ],
  "max_steps": 8025,
  "num_train_epochs": 15,
  "total_flos": 4596204157735680.0,
  "trial_name": null,
  "trial_params": null
}
