{
  "best_metric": null,
  "best_model_checkpoint": null,
  "epoch": 15.0,
  "global_step": 8025,
  "is_hyper_param_search": false,
  "is_local_process_zero": true,
  "is_world_process_zero": true,
  "log_history": [
    {
      "epoch": 0.93,
      "learning_rate": 2e-05,
      "loss": 0.6085,
      "step": 500
    },
    {
      "epoch": 1.0,
      "eval_loss": 0.615429699420929,
      "eval_matthews_correlation": 0.0,
      "eval_runtime": 3.3252,
      "eval_samples_per_second": 313.664,
      "eval_steps_per_second": 19.848,
      "step": 535
    },
    {
      "epoch": 1.87,
      "learning_rate": 2e-05,
      "loss": 0.595,
      "step": 1000
    },
    {
      "epoch": 2.0,
      "eval_loss": 0.605785071849823,
      "eval_matthews_correlation": 0.0,
      "eval_runtime": 3.2392,
      "eval_samples_per_second": 321.99,
      "eval_steps_per_second": 20.375,
      "step": 1070
    },
    {
      "epoch": 2.8,
      "learning_rate": 2e-05,
      "loss": 0.5959,
      "step": 1500
    },
    {
      "epoch": 3.0,
      "eval_loss": 0.6101058125495911,
      "eval_matthews_correlation": 0.0,
      "eval_runtime": 3.2545,
      "eval_samples_per_second": 320.476,
      "eval_steps_per_second": 20.279,
      "step": 1605
    },
    {
      "epoch": 3.74,
      "learning_rate": 2e-05,
      "loss": 0.5848,
      "step": 2000
    },
    {
      "epoch": 4.0,
      "eval_loss": 0.5948168635368347,
      "eval_matthews_correlation": 0.10385466804655791,
      "eval_runtime": 3.2711,
      "eval_samples_per_second": 318.85,
      "eval_steps_per_second": 20.177,
      "step": 2140
    },
    {
      "epoch": 4.67,
      "learning_rate": 2e-05,
      "loss": 0.5887,
      "step": 2500
    },
    {
      "epoch": 5.0,
      "eval_loss": 0.5939225554466248,
      "eval_matthews_correlation": 0.0685666029393718,
      "eval_runtime": 3.2462,
      "eval_samples_per_second": 321.296,
      "eval_steps_per_second": 20.331,
      "step": 2675
    },
    {
      "epoch": 5.61,
      "learning_rate": 2e-05,
      "loss": 0.5834,
      "step": 3000
    },
    {
      "epoch": 6.0,
      "eval_loss": 0.6122767329216003,
      "eval_matthews_correlation": 0.018148342420931135,
      "eval_runtime": 3.2638,
      "eval_samples_per_second": 319.563,
      "eval_steps_per_second": 20.222,
      "step": 3210
    },
    {
      "epoch": 6.54,
      "learning_rate": 2e-05,
      "loss": 0.5782,
      "step": 3500
    },
    {
      "epoch": 7.0,
      "eval_loss": 0.6103671193122864,
      "eval_matthews_correlation": 0.046743813109510104,
      "eval_runtime": 3.2528,
      "eval_samples_per_second": 320.644,
      "eval_steps_per_second": 20.29,
      "step": 3745
    },
    {
      "epoch": 7.48,
      "learning_rate": 2e-05,
      "loss": 0.573,
      "step": 4000
    },
    {
      "epoch": 8.0,
      "eval_loss": 0.6131521463394165,
      "eval_matthews_correlation": 0.046743813109510104,
      "eval_runtime": 3.2617,
      "eval_samples_per_second": 319.768,
      "eval_steps_per_second": 20.235,
      "step": 4280
    },
    {
      "epoch": 8.41,
      "learning_rate": 2e-05,
      "loss": 0.5765,
      "step": 4500
    },
    {
      "epoch": 9.0,
      "eval_loss": 0.5984613299369812,
      "eval_matthews_correlation": 0.05510799372808156,
      "eval_runtime": 3.2625,
      "eval_samples_per_second": 319.693,
      "eval_steps_per_second": 20.23,
      "step": 4815
    },
    {
      "epoch": 9.35,
      "learning_rate": 2e-05,
      "loss": 0.5695,
      "step": 5000
    },
    {
      "epoch": 10.0,
      "eval_loss": 0.6067548394203186,
      "eval_matthews_correlation": 0.07166932444498994,
      "eval_runtime": 3.2705,
      "eval_samples_per_second": 318.912,
      "eval_steps_per_second": 20.18,
      "step": 5350
    },
    {
      "epoch": 10.28,
      "learning_rate": 2e-05,
      "loss": 0.5617,
      "step": 5500
    },
    {
      "epoch": 11.0,
      "eval_loss": 0.5959106087684631,
      "eval_matthews_correlation": 0.061070869190586116,
      "eval_runtime": 3.5949,
      "eval_samples_per_second": 290.129,
      "eval_steps_per_second": 18.359,
      "step": 5885
    },
    {
      "epoch": 11.21,
      "learning_rate": 2e-05,
      "loss": 0.5727,
      "step": 6000
    },
    {
      "epoch": 12.0,
      "eval_loss": 0.6199132800102234,
      "eval_matthews_correlation": 0.03026012901076368,
      "eval_runtime": 3.2535,
      "eval_samples_per_second": 320.575,
      "eval_steps_per_second": 20.286,
      "step": 6420
    },
    {
      "epoch": 12.15,
      "learning_rate": 2e-05,
      "loss": 0.556,
      "step": 6500
    },
    {
      "epoch": 13.0,
      "eval_loss": 0.5929325222969055,
      "eval_matthews_correlation": 0.08818640638655306,
      "eval_runtime": 3.2597,
      "eval_samples_per_second": 319.964,
      "eval_steps_per_second": 20.247,
      "step": 6955
    },
    {
      "epoch": 13.08,
      "learning_rate": 2e-05,
      "loss": 0.5635,
      "step": 7000
    },
    {
      "epoch": 14.0,
      "eval_loss": 0.6288118958473206,
      "eval_matthews_correlation": 0.0685666029393718,
      "eval_runtime": 3.2513,
      "eval_samples_per_second": 320.792,
      "eval_steps_per_second": 20.299,
      "step": 7490
    },
    {
      "epoch": 14.02,
      "learning_rate": 2e-05,
      "loss": 0.5567,
      "step": 7500
    },
    {
      "epoch": 14.95,
      "learning_rate": 2e-05,
      "loss": 0.5531,
      "step": 8000
    },
    {
      "epoch": 15.0,
      "eval_loss": 0.5976961255073547,
      "eval_matthews_correlation": 0.08530885680462096,
      "eval_runtime": 3.25,
      "eval_samples_per_second": 320.926,
      "eval_steps_per_second": 20.308,
      "step": 8025
    },
    {
      "epoch": 15.0,
      "step": 8025,
      "total_flos": 3898064026172160.0,
      "train_loss": 0.576051195566528,
      "train_runtime": 503.6636,
      "train_samples_per_second": 254.664,
      "train_steps_per_second": 15.933
    }
  ],
  "max_steps": 8025,
  "num_train_epochs": 15,
  "total_flos": 3898064026172160.0,
  "trial_name": null,
  "trial_params": null
}
